"pli-tv-bu-vb","The Monks' Rules and Their Analysis"
"pli-tv-bi-vb","The Nuns' Rules and Their Analysis"
"pli-tv-bu-pm","The Monks' Rules"
"pli-tv-bi-pm","The Nuns' Rules"
"pli-tv-kd","The Chapters"
"pli-tv-bu-vb-np","Relinquishment with Confession"
"pli-tv-bu-vb-sk","Rules of Training"
"pli-tv-bu-vb-as","The Settling of Legal Issues"
"pli-tv-bi-vb-np","Relinquishment with Confession"
"pli-tv-bi-vb-sk","Rules of Training"
"pli-tv-bi-vb-as","The Settling of Legal Issues"
"pli-tv-bi-vb-pj1-4","Rules in common with the monks"
"pli-tv-bi-vb-pj5","5. The training rule on physical contact with a man"
"pli-tv-bi-vb-pj6","6. The training rule on concealing an expulsion offense"
"pli-tv-bi-vb-pj7","7. The training rule on siding with an ejected monk"
"pli-tv-bi-vb-pj8","8. The training rule on behaving inappropriately in eight ways"
"pli-tv-bi-vb-ss1","1. The training rule on taking legal action"
"pli-tv-bi-vb-ss2","2. Ordaining a criminal"
"pli-tv-bi-vb-ss3","3. Being alone"
"pli-tv-bi-vb-ss4","4. Readmitting an ejected nun"
"pli-tv-bi-vb-ss5","5. Receiving food with lust"
"pli-tv-bi-vb-ss6","6. Encouraging a nun to receive food from a man with lust"
"pli-tv-bi-vb-ss10","10. Renouncing the training in anger"
"pli-tv-bi-vb-ss11","11. Accusing nuns of acting from bias"
"pli-tv-bi-vb-ss12","12. Inappropriate socializing"
"pli-tv-bi-vb-ss13","13. Encouraging inappropriate socializing"
"pli-tv-bi-vb-np1","1. The training rule on collecting almsbowls"
"pli-tv-bi-vb-np2","2. Distributing out-of-season robe-cloth"
"pli-tv-bi-vb-np3","3. Taking back a traded robe"
"pli-tv-bi-vb-np4","4. Asking for something else"
"pli-tv-bi-vb-np5","5. Exchanging for something else"
"pli-tv-bi-vb-np6","6. Exchanging designated Sangha property"
"pli-tv-bi-vb-np7","7. Exchanging designated Sangha property that was asked for"
"pli-tv-bi-vb-np8","8. Exchanging designated collective property"
"pli-tv-bi-vb-np9","9. Exchanging designated collective property that was asked for"
"pli-tv-bi-vb-np10","10. Exchanging designated personal property that was asked for"
"pli-tv-bi-vb-np11","11. Getting an expensive heavy cloak in exchange"
"pli-tv-bi-vb-np12","12. Getting an expensive light cloak in exchange"
"pli-tv-bi-vb-pc1","1. The training rule on eating garlic"
"pli-tv-bi-vb-pc2","2. Removing pubic hair"
"pli-tv-bi-vb-pc3","3. Masturbation"
"pli-tv-bi-vb-pc4","4. Using a dildo"
"pli-tv-bi-vb-pc5","5. Intimate washing"
"pli-tv-bi-vb-pc6","6. Attending on a monk"
"pli-tv-bi-vb-pc7","7. Asking for raw grain"
"pli-tv-bi-vb-pc8","8. Disposing of waste over a wall"
"pli-tv-bi-vb-pc9","9. Disposing of waste on plants"
"pli-tv-bi-vb-pc10","10. Watching entertainment"
"pli-tv-bi-vb-pc11","11. Meeting a man in the dark"
"pli-tv-bi-vb-pc12","12. Meeting a man in a concealed place"
"pli-tv-bi-vb-pc13","13. Meeting a man in the open"
"pli-tv-bi-vb-pc14","14. Meeting a man on a street"
"pli-tv-bi-vb-pc15","15. Departing without taking leave"
"pli-tv-bi-vb-pc16","16. Sitting down without permission"
"pli-tv-bi-vb-pc17","17. Putting out bedding without permission"
"pli-tv-bi-vb-pc18","18. Complaining without reflection"
"pli-tv-bi-vb-pc19","19. Cursing"
"pli-tv-bi-vb-pc20","20. Crying and beating oneself"
"pli-tv-bi-vb-pc21","21. Bathing naked"
"pli-tv-bi-vb-pc22","22. Making an oversize bathing robe"
"pli-tv-bi-vb-pc23","23. Unstitching a robe"
"pli-tv-bi-vb-pc24","24. Moving robes"
"pli-tv-bi-vb-pc25","25. Borrowing a robe"
"pli-tv-bi-vb-pc26","26. Hindering robe-cloth for the community"
"pli-tv-bi-vb-pc27","27. Blocking robe-cloth distribution"
"pli-tv-bi-vb-pc28","28. Giving a robe to a non-monastic"
"pli-tv-bi-vb-pc29","29. Letting the robe season expire"
"pli-tv-bi-vb-pc30","30. Blocking the ending of the robe season"
"pli-tv-bi-vb-pc31","31. Lying on the same bed"
"pli-tv-bi-vb-pc32","32. Lying on the same sheet"
"pli-tv-bi-vb-pc33","33. Making a nun ill at ease"
"pli-tv-bi-vb-pc34","34. Not nursing a disciple"
"pli-tv-bi-vb-pc35","35. Evicting a nun"
"pli-tv-bi-vb-pc36","36. Socializing with a householder"
"pli-tv-bi-vb-pc37","37. Wandering within the country"
"pli-tv-bi-vb-pc38","38. Wandering outside the country"
"pli-tv-bi-vb-pc39","39. Wandering during the rainy season"
"pli-tv-bi-vb-pc40","40. Not wandering after the rainy season"
"pli-tv-bi-vb-pc41","41. Visiting places of pleasure"
"pli-tv-bi-vb-pc42","42. Using luxurious furniture"
"pli-tv-bi-vb-pc43","43. Spinning yarn"
"pli-tv-bi-vb-pc44","44. Serving householders"
"pli-tv-bi-vb-pc45","45. Not resolving a legal issue"
"pli-tv-bi-vb-pc46","46. Giving food to a non-monastic"
"pli-tv-bi-vb-pc47","47. Not relinquishing a communal robe"
"pli-tv-bi-vb-pc48","48. Not relinquishing a lodging"
"pli-tv-bi-vb-pc49","49. Studying worldly subjects"
"pli-tv-bi-vb-pc50","50. Teaching worldly subjects"
"pli-tv-bi-vb-pc51","51. Entering a monks’ monastery"
"pli-tv-bi-vb-pc52","52. Abusing a monk"
"pli-tv-bi-vb-pc53","53. Reviling the community"
"pli-tv-bi-vb-pc54","54. Eating more after refusing an offer"
"pli-tv-bi-vb-pc55","55. Being stingy with families"
"pli-tv-bi-vb-pc56","56. Spending the rainy season apart from monks"
"pli-tv-bi-vb-pc57","57. Not doing the invitation ceremony"
"pli-tv-bi-vb-pc58","58. Not going to the instruction"
"pli-tv-bi-vb-pc59","59. Not seeking the instruction"
"pli-tv-bi-vb-pc60","60. Getting medical treatment from a man"
"pli-tv-bi-vb-pc61","61. Ordaining a pregnant woman"
"pli-tv-bi-vb-pc62","62. Ordaining a breastfeeding woman"
"pli-tv-bi-vb-pc63","63. Ordaining an untrained candidate"
"pli-tv-bi-vb-pc64","64. Ordaining a trained candidate without approval"
"pli-tv-bi-vb-pc65","65. Ordaining a married girl under twelve"
"pli-tv-bi-vb-pc66","66. Ordaining an untrained married girl"
"pli-tv-bi-vb-pc67","67. Ordaining a trained married girl without approval"
"pli-tv-bi-vb-pc68","68. Not guiding a disciple after ordination"
"pli-tv-bi-vb-pc69","69. Not following a mentor"
"pli-tv-bi-vb-pc70","70. Not sending away a new disciple"
"pli-tv-bi-vb-pc71","71. Ordaining an unmarried woman under twenty"
"pli-tv-bi-vb-pc72","72. Ordaining an untrained unmarried woman"
"pli-tv-bi-vb-pc73","73. Ordaining a trained unmarried woman without approval"
"pli-tv-bi-vb-pc74","74. Giving ordination while under twelve years’ seniority"
"pli-tv-bi-vb-pc75","75. Giving ordination without approval"
"pli-tv-bi-vb-pc76","76. Agreeing to stop ordaining, but then criticizing it"
"pli-tv-bi-vb-pc77","77. Not ordaining a trainee after promising"
"pli-tv-bi-vb-pc78","78. Not ordaining a trainee who has followed one"
"pli-tv-bi-vb-pc79","79. Ordaining one who is difficult to live with"
"pli-tv-bi-vb-pc80","80. Ordaining without permission from family"
"pli-tv-bi-vb-pc81","81. Ordaining after consent expires"
"pli-tv-bi-vb-pc82","82. Ordaining every year"
"pli-tv-bi-vb-pc83","83. Ordaining two in the same year"
"pli-tv-bi-vb-pc84","84. Using sunshades and sandals"
"pli-tv-bi-vb-pc85","85. Traveling in a vehicle"
"pli-tv-bi-vb-pc86","86. Wearing a hip ornament"
"pli-tv-bi-vb-pc87","87. Wearing jewelry"
"pli-tv-bi-vb-pc88","88. Bathing in scents and colors"
"pli-tv-bi-vb-pc89","89. Bathing with sesame paste"
"pli-tv-bi-vb-pc90","90. Getting a massage from a nun"
"pli-tv-bi-vb-pc91-93","91–93. Getting a massage from a trainee nun … from a novice nun … from a female householder"
"pli-tv-bi-vb-pc94","94. Sitting in front without permission"
"pli-tv-bi-vb-pc95","95. Asking a question without permission"
"pli-tv-bi-vb-pc96","96. Not wearing a chest wrap"
"pli-tv-bi-vb-pd1","1. The training rule on asking for ghee"
"pli-tv-bi-vb-pd2-8","2–8. Asking for oil … for honey … for syrup … for fish … for meat … for milk … for curd"
"pli-tv-bi-vb-sk1","1. Not wearing the sarong evenly all around"
"pli-tv-bi-vb-sk75","75. Defecating in water"
"pli-tv-bi-vb-as1-7","The settling of legal issues"
"pli-tv-bu-vb-pj1","1. The training rule on sexual intercourse"
"pli-tv-bu-vb-pj2","2. The training rule on stealing"
"pli-tv-bu-vb-pj3","3. The training rule on killing a human being"
"pli-tv-bu-vb-pj4","4. The training rule on falsely claiming a superhuman quality"
"pli-tv-bu-vb-ss1","1. The training rule on masturbation"
"pli-tv-bu-vb-ss2","2. Physical contact with a woman"
"pli-tv-bu-vb-ss3","3. Indecent speech"
"pli-tv-bu-vb-ss4","4. Encouraging a woman to satisfy one’s desires"
"pli-tv-bu-vb-ss5","5. Matchmaking"
"pli-tv-bu-vb-ss6","6. Building a hut inappropriately"
"pli-tv-bu-vb-ss7","7. Building a dwelling inappropriately"
"pli-tv-bu-vb-ss8","8. Making a groundless accusation out of anger"
"pli-tv-bu-vb-ss9","9. Making a groundless accusation out of anger, using a pretext"
"pli-tv-bu-vb-ss10","10. Causing a schism in the Sangha"
"pli-tv-bu-vb-ss11","11. Siding with a schismatic"
"pli-tv-bu-vb-ss12","12. Being difficult to correct"
"pli-tv-bu-vb-ss13","13. Being a corrupter of families"
"pli-tv-bu-vb-ay1","1. Sitting with a woman in a concealed place"
"pli-tv-bu-vb-ay2","2. Sitting alone with a woman"
"pli-tv-bu-vb-np1","1. The training rule on keeping extra robe-cloth beyond ten days"
"pli-tv-bu-vb-np2","2. Staying apart from one’s robes"
"pli-tv-bu-vb-np3","3. Keeping extra robe-cloth beyond a month"
"pli-tv-bu-vb-np4","4. Having a nun wash a used robe"
"pli-tv-bu-vb-np5","5. Receiving a robe from a nun"
"pli-tv-bu-vb-np6","6. Asking an unrelated person for a robe"
"pli-tv-bu-vb-np7","7. Accepting too many robes"
"pli-tv-bu-vb-np8","8. Requesting a fine robe from a fund"
"pli-tv-bu-vb-np9","9. Requesting a fine robe from a combined fund"
"pli-tv-bu-vb-np10","10. Excessive prompting to get a robe"
"pli-tv-bu-vb-np11","11. Making a blanket with silk"
"pli-tv-bu-vb-np12","12. Making a blanket entirely of black wool"
"pli-tv-bu-vb-np13","13. Making a new blanket with too much black wool"
"pli-tv-bu-vb-np14","14. Keeping a new blanket less than six years"
"pli-tv-bu-vb-np15","15. Making an inappropriate sitting blanket"
"pli-tv-bu-vb-np16","16. Carrying wool too far"
"pli-tv-bu-vb-np17","17. Getting a nun to wash wool"
"pli-tv-bu-vb-np18","18. Becoming the owner of money"
"pli-tv-bu-vb-np19","19. Trading with money"
"pli-tv-bu-vb-np20","20. Bartering"
"pli-tv-bu-vb-np21","21. Keeping an extra almsbowl beyond ten days"
"pli-tv-bu-vb-np22","22. Exchanging an almsbowl with fewer than five mends"
"pli-tv-bu-vb-np23","23. Storing the five tonics too long"
"pli-tv-bu-vb-np24","24. Making a rainy-season robe at the wrong time"
"pli-tv-bu-vb-np25","25. Taking back robe-cloth in anger"
"pli-tv-bu-vb-np26","26. Asking for thread"
"pli-tv-bu-vb-np27","27. Bribing weavers"
"pli-tv-bu-vb-np28","28. Storing haste-cloth too long"
"pli-tv-bu-vb-np29","29. Storing a robe for more than six days in an inhabited area"
"pli-tv-bu-vb-np30","30. Diverting an offering intended for the Sangha"
"pli-tv-bu-vb-pc1","1. The training rule on lying"
"pli-tv-bu-vb-pc2","2. Abusive speech"
"pli-tv-bu-vb-pc3","3. Malicious talebearing"
"pli-tv-bu-vb-pc4","4. Instructing a lay person to memorize the Teaching"
"pli-tv-bu-vb-pc5","5. Lying down with one not fully ordained"
"pli-tv-bu-vb-pc6","6. Lying down with a woman"
"pli-tv-bu-vb-pc7","7. Teaching a woman alone"
"pli-tv-bu-vb-pc8","8. Truthfully announcing a superhuman quality"
"pli-tv-bu-vb-pc9","9. Announcing a monk’s grave offense"
"pli-tv-bu-vb-pc10","10. Digging the earth"
"pli-tv-bu-vb-pc11","11. Destroying plants"
"pli-tv-bu-vb-pc12","12. Speaking evasively"
"pli-tv-bu-vb-pc13","13. Complaining"
"pli-tv-bu-vb-pc14","14. Leaving furniture outside"
"pli-tv-bu-vb-pc15","15. Not putting away bedding"
"pli-tv-bu-vb-pc16","16. Encroaching on a monk"
"pli-tv-bu-vb-pc17","17. Evicting a monk"
"pli-tv-bu-vb-pc18","18. Sitting down on an upper story"
"pli-tv-bu-vb-pc19","19. Applying excessive materials to a large dwelling"
"pli-tv-bu-vb-pc20","20. Pouring water with living beings in it"
"pli-tv-bu-vb-pc21","21. Instructing nuns without approval"
"pli-tv-bu-vb-pc22","22. Instructing nuns after sunset"
"pli-tv-bu-vb-pc23","23. Instructing nuns in a nunnery"
"pli-tv-bu-vb-pc24","24. Accusing monks of teaching nuns for profit"
"pli-tv-bu-vb-pc25","25. Giving robe-cloth to a nun"
"pli-tv-bu-vb-pc26","26. Sewing a robe for a nun"
"pli-tv-bu-vb-pc27","27. Traveling with a nun"
"pli-tv-bu-vb-pc28","28. Traveling on a boat with a nun"
"pli-tv-bu-vb-pc29","29. Eating food prepared on a nun’s instruction"
"pli-tv-bu-vb-pc30","30. Sitting alone with a nun"
"pli-tv-bu-vb-pc31","31. Eating excessively at a public guesthouse"
"pli-tv-bu-vb-pc32","32. Eating in a group"
"pli-tv-bu-vb-pc33","33. Eating meals in succession"
"pli-tv-bu-vb-pc34","34. Accepting more than three bowlfuls"
"pli-tv-bu-vb-pc35","35. Eating more after refusing an invitation"
"pli-tv-bu-vb-pc36","36. Encouraging a monastic to eat after refusing an invitation"
"pli-tv-bu-vb-pc37","37. Eating at the wrong time"
"pli-tv-bu-vb-pc38","38. Eating stored food"
"pli-tv-bu-vb-pc39","39. Asking for fine foods"
"pli-tv-bu-vb-pc40","40. Eating ungiven food"
"pli-tv-bu-vb-pc41","41. Giving food to non-Buddhist monastics"
"pli-tv-bu-vb-pc42","42. Dismissing a monk during almsround"
"pli-tv-bu-vb-pc43","43. Intruding on a lustful couple"
"pli-tv-bu-vb-pc44","44. Sitting with a woman in a concealed place"
"pli-tv-bu-vb-pc45","45. Sitting alone with a woman"
"pli-tv-bu-vb-pc46","46. Visiting families before a meal"
"pli-tv-bu-vb-pc47","47. Accepting an invitation of more than four months"
"pli-tv-bu-vb-pc48","48. Going to see a mobilized army"
"pli-tv-bu-vb-pc49","49. Staying more than three days with an army"
"pli-tv-bu-vb-pc50","50. Seeing an army in action"
"pli-tv-bu-vb-pc51","51. Drinking alcohol"
"pli-tv-bu-vb-pc52","52. Tickling"
"pli-tv-bu-vb-pc53","53. Playing in water"
"pli-tv-bu-vb-pc54","54. Disrespect"
"pli-tv-bu-vb-pc55","55. Scaring a monk"
"pli-tv-bu-vb-pc56","56. Lighting a fire"
"pli-tv-bu-vb-pc57","57. Bathing too often"
"pli-tv-bu-vb-pc58","58. Not making stains on a new robe"
"pli-tv-bu-vb-pc59","59. Using assigned property that has not been relinquished"
"pli-tv-bu-vb-pc60","60. Hiding a robe"
"pli-tv-bu-vb-pc61","61. Intentionally killing a living being"
"pli-tv-bu-vb-pc62","62. Using water with living beings in it"
"pli-tv-bu-vb-pc63","63. Reopening a settled legal issue"
"pli-tv-bu-vb-pc64","64. Concealing a grave offense"
"pli-tv-bu-vb-pc65","65. Ordaining a person under twenty"
"pli-tv-bu-vb-pc66","66. Traveling with thieves"
"pli-tv-bu-vb-pc67","67. Traveling with a woman"
"pli-tv-bu-vb-pc68","68. Not giving up a bad view"
"pli-tv-bu-vb-pc69","69. Living with an ejected monk"
"pli-tv-bu-vb-pc70","70. Supporting a novice monk with a bad view"
"pli-tv-bu-vb-pc71","71. Not accepting legitimate correction"
"pli-tv-bu-vb-pc72","72. Disparaging the training rules"
"pli-tv-bu-vb-pc73","73. Deception"
"pli-tv-bu-vb-pc74","74. Hitting in anger"
"pli-tv-bu-vb-pc75","75. Raising a hand in anger"
"pli-tv-bu-vb-pc76","76. Making a groundless accusation"
"pli-tv-bu-vb-pc77","77. Intentionally making a monk anxious"
"pli-tv-bu-vb-pc78","78. Eavesdropping"
"pli-tv-bu-vb-pc79","79. Criticizing a legitimate legal procedure"
"pli-tv-bu-vb-pc80","80. Leaving without giving consent"
"pli-tv-bu-vb-pc81","81. Criticizing a robe distribution"
"pli-tv-bu-vb-pc82","82. Diverting gains intended for the Sangha"
"pli-tv-bu-vb-pc83","83. Entering a royal compound unannounced"
"pli-tv-bu-vb-pc84","84. Picking up precious things"
"pli-tv-bu-vb-pc85","85. Entering an inhabited area at the wrong time"
"pli-tv-bu-vb-pc86","86. Making an inappropriate needle case"
"pli-tv-bu-vb-pc87","87. Making an inappropriate bed or bench"
"pli-tv-bu-vb-pc88","88. Making an upholstered bed or bench"
"pli-tv-bu-vb-pc89","89. Making an oversize sitting mat"
"pli-tv-bu-vb-pc90","90. Making an oversize itch cloth"
"pli-tv-bu-vb-pc91","91. Making an oversize rainy-season robe"
"pli-tv-bu-vb-pc92","92. Making an oversize robe"
"pli-tv-bu-vb-pd1","1. The training rule on receiving a nun’s food"
"pli-tv-bu-vb-pd2","2. Letting a nun give directions to donors"
"pli-tv-bu-vb-pd3","3. Receiving food from a designated family"
"pli-tv-bu-vb-pd4","4. Receiving food in a dangerous place"
"pli-tv-bu-vb-sk1","1. Not wearing the sarong evenly all around"
"pli-tv-bu-vb-sk2","2. Not wearing the upper robe evenly all around"
"pli-tv-bu-vb-sk3","3. Not being well-covered"
"pli-tv-bu-vb-sk4","4. Not being well-covered"
"pli-tv-bu-vb-sk5","5. Being unrestrained"
"pli-tv-bu-vb-sk6","6. Being unrestrained"
"pli-tv-bu-vb-sk7","7. Not lowering the eyes"
"pli-tv-bu-vb-sk8","8. Not lowering the eyes"
"pli-tv-bu-vb-sk9","9. Lifting the robes"
"pli-tv-bu-vb-sk10","10. Lifting the robes"
"pli-tv-bu-vb-sk11","11. Laughing loudly"
"pli-tv-bu-vb-sk12","12. Laughing loudly"
"pli-tv-bu-vb-sk13","13. Being noisy"
"pli-tv-bu-vb-sk14","14. Being noisy"
"pli-tv-bu-vb-sk15","15. Swaying the body"
"pli-tv-bu-vb-sk16","16. Swaying the body"
"pli-tv-bu-vb-sk17","17. Swinging the arms"
"pli-tv-bu-vb-sk18","18. Swinging the arms"
"pli-tv-bu-vb-sk19","19. Swaying the head"
"pli-tv-bu-vb-sk20","20. Swaying the head"
"pli-tv-bu-vb-sk21","21. Hands on hips"
"pli-tv-bu-vb-sk22","22. Hands on hips"
"pli-tv-bu-vb-sk23","23. Covering the head"
"pli-tv-bu-vb-sk24","24. Covering the head"
"pli-tv-bu-vb-sk25","25. Squatting on the heels"
"pli-tv-bu-vb-sk26","26. Clasping the knees"
"pli-tv-bu-vb-sk27","27. Not receiving respectfully"
"pli-tv-bu-vb-sk28","28. Not receiving with attention on the almsbowl"
"pli-tv-bu-vb-sk29","29. Not receiving in the right proportions"
"pli-tv-bu-vb-sk30","30. Not receiving on an even level"
"pli-tv-bu-vb-sk31","31. Not eating respectfully"
"pli-tv-bu-vb-sk32","32. Not eating with attention on the almsbowl"
"pli-tv-bu-vb-sk33","33. Not eating in order"
"pli-tv-bu-vb-sk34","34. Not eating in the right proportions"
"pli-tv-bu-vb-sk35","35. Making food into a heap"
"pli-tv-bu-vb-sk36","36. Covering with rice"
"pli-tv-bu-vb-sk37","37. Requesting rice and bean curry"
"pli-tv-bu-vb-sk38","38. Finding fault"
"pli-tv-bu-vb-sk39","39. Making an overlarge mouthful"
"pli-tv-bu-vb-sk40","40. Not making rounded mouthfuls"
"pli-tv-bu-vb-sk41","41. Opening the mouth"
"pli-tv-bu-vb-sk42","42. Putting whole hand in mouth"
"pli-tv-bu-vb-sk43","43. Speaking with food in mouth"
"pli-tv-bu-vb-sk44","44. Eating from lifted mouthfuls"
"pli-tv-bu-vb-sk45","45. Breaking up mouthfuls"
"pli-tv-bu-vb-sk46","46. Stuffing the cheeks"
"pli-tv-bu-vb-sk47","47. Shaking the hand"
"pli-tv-bu-vb-sk48","48. Scattering rice"
"pli-tv-bu-vb-sk49","49. Sticking out the tongue"
"pli-tv-bu-vb-sk50","50. Chomping"
"pli-tv-bu-vb-sk51","51. Slurping"
"pli-tv-bu-vb-sk52","52. Licking the hand"
"pli-tv-bu-vb-sk53","53. Licking the almsbowl"
"pli-tv-bu-vb-sk54","54. Licking the lips"
"pli-tv-bu-vb-sk55","55. Receiving with soiled hand"
"pli-tv-bu-vb-sk56","56. Discarding waste water with rice"
"pli-tv-bu-vb-sk57","57. Holding a sunshade"
"pli-tv-bu-vb-sk58","58. Holding a staff"
"pli-tv-bu-vb-sk59","59. Holding a knife"
"pli-tv-bu-vb-sk60","60. Holding a weapon"
"pli-tv-bu-vb-sk61","61. Wearing shoes"
"pli-tv-bu-vb-sk62","62. Wearing sandals"
"pli-tv-bu-vb-sk63","63. Sitting in a vehicle"
"pli-tv-bu-vb-sk64","64. Lying down"
"pli-tv-bu-vb-sk65","65. Clasping the knees"
"pli-tv-bu-vb-sk66","66. Wearing a headdress"
"pli-tv-bu-vb-sk67","67. Covering the head"
"pli-tv-bu-vb-sk68","68. Sitting on the ground"
"pli-tv-bu-vb-sk69","69. Sitting on a low seat"
"pli-tv-bu-vb-sk70","70. Standing"
"pli-tv-bu-vb-sk71","71. Walking behind"
"pli-tv-bu-vb-sk72","72. Walking next to the path"
"pli-tv-bu-vb-sk73","73. Defecating while standing"
"pli-tv-bu-vb-sk74","74. Defecating on cultivated plants"
"pli-tv-bu-vb-sk75","75. Defecating in water"
"pli-tv-bu-vb-as1-7","The settling of legal issues"
"pli-tv-kd1","The great chapter"
"pli-tv-kd2","The chapter on the observance day"
"pli-tv-kd3","The chapter on entering the rainy-season residence"
"pli-tv-kd4","The chapter on the invitation ceremony"
"pli-tv-kd5","The chapter on skins"
"pli-tv-kd6","The chapter on medicines"
"pli-tv-kd7","The chapter on the robe-making ceremony"
"pli-tv-kd8","The chapter on robes"
"pli-tv-kd9","The chapter on legal procedures"
"pli-tv-kd10","The chapter on division in the Sangha"
"pli-tv-kd11","The chapter on penalty procedures"
"pli-tv-kd12","The chapter on the proper conduct for those who have committed an offense entailing suspension"
"pli-tv-kd13","The chapter on legal procedures in relation to offenses entailing suspension"
"pli-tv-kd14","The chapter on the settling of legal issues"
"pli-tv-kd15","The chapter on minor topics"
"pli-tv-kd16","The chapter on resting places"
"pli-tv-kd17","The chapter on schism in the Sangha"
"pli-tv-kd18","The chapter on proper conduct"
"pli-tv-kd19","The chapter on the cancellation of the Monastic Code"
"pli-tv-kd20","The chapter on nuns"
"pli-tv-kd21","The chapter on the first council"
"pli-tv-kd22","The chapter on the second council"
"pli-tv-pvr1.1","Questions and answers on the monks’ Monastic Code and its analysis"
"pli-tv-pvr1.2","The number of offenses within each rule"
"pli-tv-pvr1.3","The classes of failure to which each rule belongs"
"pli-tv-pvr1.4","The classes of offenses to which each rule belongs"
"pli-tv-pvr1.5","The number of originations of each offense"
"pli-tv-pvr1.6","The legal issues to which each offense belongs"
"pli-tv-pvr1.7","How each offense is settled"
"pli-tv-pvr1.8","Summary of the previous six sections"
"pli-tv-pvr1.9","Questions and answers on the monks’ Monastic Code and its analysis"
"pli-tv-pvr1.10","The number of offenses within each rule"
"pli-tv-pvr1.11","The classes of failure to which each rule belongs"
"pli-tv-pvr1.12","The classes of offenses to which each rule belongs"
"pli-tv-pvr1.13","The number of originations of each offense"
"pli-tv-pvr1.14","The legal issues to which each offense belongs"
"pli-tv-pvr1.15","How each offense is settled"
"pli-tv-pvr1.16","Summary of the previous six sections"
"pli-tv-pvr2.1","Questions and answers on the nuns’ Monastic Code and its analysis"
"pli-tv-pvr2.2","The number of offenses within each rule"
"pli-tv-pvr2.3","The classes of failure to which each rule belongs"
"pli-tv-pvr2.4","The classes of offenses to which each rule belongs"
"pli-tv-pvr2.5","The number of originations of each offense"
"pli-tv-pvr2.6","The legal issues to which each offense belongs"
"pli-tv-pvr2.7","How each offense is settled"
"pli-tv-pvr2.8","Summary of the previous six sections"
"pli-tv-pvr2.9","Questions and answers on the nuns’ Monastic Code and its analysis"
"pli-tv-pvr2.10","The number of offenses within each rule"
"pli-tv-pvr2.11","The classes of failure to which each rule belongs"
"pli-tv-pvr2.12","The classes of offenses to which each rule belongs"
"pli-tv-pvr2.13","The number of originations of each offense"
"pli-tv-pvr2.14","The legal issues to which each offense belongs"
"pli-tv-pvr2.15","How each offense is settled"
"pli-tv-pvr2.16","Summary of the previous six sections"
"pli-tv-pvr3","The thirteen groups of originations of offenses"
"pli-tv-pvr4","Various topics with a focus on the origination of offenses"
"pli-tv-pvr5","The legal issues and their settling"
"pli-tv-pvr6","The classes of offenses in the Chapters"
"pli-tv-pvr7","The numerical method"
"pli-tv-pvr8","Aspects of the legal procedures"
"pli-tv-pvr9","The ten reasons for the laying down of training rules"
"pli-tv-pvr10","Verses on the training rules"
"pli-tv-pvr11","Various aspects of the four kinds of legal issues"
"pli-tv-pvr12","Verses on how to accuse properly"
"pli-tv-pvr13","Accusations and the process of investigation"
"pli-tv-pvr14","The short chapter on the resolution of conflicts"
"pli-tv-pvr15","The great chapter on the resolution of conflicts"
"pli-tv-pvr16","The robe-making ceremony"
"pli-tv-pvr17","Ven. Upāli questions the Buddha"
"pli-tv-pvr18","The origination of offenses"
"pli-tv-pvr19","Verses on offenses, training rules, and legal procedures"
"pli-tv-pvr20","The sudorific verses"
"pli-tv-pvr21","Legal procedures, why the Monastic Law, resolution of legal issues"
